eps, numRows, z[0.0], z[0.2], z[0.4], z[0.6], z[0.8], z[1.0]
0.0, 100, 0.10645987537570711, 0.10642904078224369, 0.10642904078224369, 0.10642904078224369, 0.10635798350013914, 0.10648601473041175
0.2, 200, 0.10943360833322302, 0.10940588894681436, 0.10946678738328486, 0.10956682988203637, 0.10939948818310752, 0.10936954745174943
0.4, 400, 0.11508713952647742, 0.11520528430050891, 0.11535628992627878, 0.11561606329665663, 0.11553820387085234, 0.11581556915288471
0.6, 800, 0.1268889118767338, 0.12699773526121527, 0.12784168458070677, 0.1283596617324959, 0.12859067421596115, 0.1295634485869832
0.8, 1600, 0.15112951772481553, 0.15176155764146682, 0.15302625336999554, 0.15507167644192665, 0.15738452791771462, 0.15763888617989275
1.0, 3200, 0.20082338854248394, 0.20273793007183982, 0.2064802110164462, 0.2107416325125806, 0.21591624682168198, 0.21694832705677802